stadium_id,stadium_name,zip_code,stadium_address
xnZ6z5W6GmKbwwnigdIGjQ,BMO Stadium,90037,"['3939 S Figueroa St', 'Los Angeles, CA 90037']"
F9Xh2eJQNRD29hHIUrTzNw,Los Angeles Memorial Coliseum,90037,"['3911 S Figueroa St', 'Los Angeles, CA 90037']"
8K-hGg2RwtWDAd-IkJpl6Q,Los Angeles Football Club,90037,"['3939 S Figueroa St', 'Los Angeles, CA 90037']"
yALdZ_TH79lj3xU2-hml0w,Aspire Athletics,90044,"['Los Angeles, CA 90044']"
ZRUuCLLQVY_teZ4P0yb0pA,Mariachi Garibaldi de Jaime Cuellar,90640,"['2605 W Beverly Blvd', 'Montebello, CA 90640']"
f27qsFlb71awkT6PdPX8Kg,LA Derby Dolls,90058,"['2661 E 46th St', 'Vernon, CA 90058']"
zYocVbSByHfoZ4CtdSFp5g,Angel City FC,90037,"['3939 S Figueroa Blvd', 'Los Angeles, CA 90037']"
mgUuu6OwOra1tphlvvVgmQ,L A Rising Concert,90037,"['3939 S Figeroa St', 'Los Angeles, CA 90037']"
iHfRp6VYvUcY85OuzOlFUQ,LA Weekly  Burgers & Beer,90037,"['Los Angeles, CA 90037']"
9nOTOQ7aCUSpOCXirCo_Rw,Art Design Resources,90746,"['1050 E Dominguez St', 'Stes- \xa0A-B', 'Carson, CA 90746']"
zsCtM2ibksIEQ8ITJwTb3g,California Science Center,90037,"['700 Exposition Park Dr', 'Los Angeles, CA 90037']"
VX_hIdi_N90gUZWmhwMscw,Cage Vs Cons,90037,"['Los Angeles, CA 90037']"
O6gLQwd_oSYvzgCCvfhH4A,Los Angeles Center of Photography,90046,"['Los Angeles, CA 90046']"
MoP5QFBVbme4vkLEDR4AwQ,Rent for Event - LA,90065,"['3370 N San Fernando Rd', 'Ste 104', 'Los Angeles, CA 90065']"
z3Fn__273loUWF5HR7_fvA,Gladiator Entertainment Trailers,90301,"['309 E Hillcrest Blvd', 'Inglewood, CA 90301']"
kJQGW5K5ZvpMPrrL7vz2Xw,Rock and Roll Fantasy Camp,91601,"['5259 Lankershim Blvd', 'Hollywood, CA 91601']"
OrAZSPJ2wikDfN73Opp-6A,McCabe's Guitar Shop,90405,"['3101 Pico Blvd', 'Santa Monica, CA 90405']"
JvzGr2Udph9RNcSpDhjk7Q,Mariachi Romanza,90805,"['5563 Myrtle Ave', 'Long Beach, CA 90805']"
7lH8zw-igZHljxu-41B42w,SoFi Stadium,90301,"['1001 S Stadium Dr', 'Inglewood, CA 90301']"
vCQbkpnApe6B7a8jb77xiQ,Crypto Arena,90015,"['1111 S Figueroa St', 'Los Angeles, CA 90015']"
B7ASPzWkBCb60dyCnIwUYA,USC Trojans Football,90037,"['1664 W Adams Blvd', 'Los Angeles, CA 90037']"
JJXMNF9j2Eq89CPFmYHcBA,Los Angeles Clippers,90015,"['1111 S Figueroa St', 'Los Angeles, CA 90015']"
9_dUIpuCCJobbUKRJWbnng,Los Angeles Kings,90015,"['1111 S Figueroa St', 'Los Angeles, CA 90015']"
jY2W8VzKKqCPMufo5bielg,Los Angeles Lakers,90015,"['1111 S Figueroa St', 'Los Angeles, CA 90015']"
XxhCdY-Du74fTbW_K0jMXw,Kia Forum,90305,"['3900 W Manchester Blvd', 'Inglewood, CA 90305']"
4P_7ggQR_ZQVUaxbJ15s0A,YouTube Theater,90301,"['1011 S Stadium Dr', 'Inglewood, CA 90301']"
hPqLXhhFP_QT_Qe9vvJa2Q,The Los Angeles Rams,90301,"['1001 S Stadium Dr', 'Sofi Stadium', 'Inglewood, CA 90301']"
XckK5-nuHgazclgOv20TFQ,East Los Angeles Youth Recreational Center,90022,"['4401 E Cesar E Chavez Ave', 'Los Angeles, CA 90022']"
iuBBnT6gYgKKap3qjecQ8w,Gardena Cinema,90249,"['14948 Crenshaw Blvd', 'Gardena, CA 90249']"
zYBL_8zo5bmNsfXGt74GJQ,USC Merle Norman Stadium,90007,"['3501 S Figueroa St', 'Los Angeles, CA 90007']"
YoM9vQhD64McCuJJVS_ewQ,Peacock Theater,90015,"['777 Chick Hearn Ct', 'Los Angeles, CA 90015']"
gOmK9zKO3fDyJxd-jbNSAg,Regal LA Live,90015,"['1000 W Olympic Blvd', 'Los Angeles, CA 90015']"
yB-GD9GuRlEAS5ZXoS1szQ,Galen Center,90007,"['3400 S Figueroa St', 'Los Angeles, CA 90007']"
huakwfo2Y7rvo3mMHUNrsw,Dedeaux Field,90089,"['1021 Childs Way', 'Los Angeles, CA 90089']"
TwaBNyHgJ5p3CQGw9x7ifA,LA Live,90015,"['800 W Olympic Blvd', 'Los Angeles, CA 90015']"
VWgQZ_42jywdz-pmPJBOCQ,Rex's Baseball Batting Cage,90047,"['11723 S Western Ave', 'Los Angeles, CA 90047']"
-5jlXpj4yQwh7fnCEVDvCA,The Hollywood Bowl,90068,"['2301 N Highland Ave', 'Los Angeles, CA 90068']"
FTx5J9lQOQAJV9eAmVa6YA,Dodger Stadium,90012,"['1000 Vin Scully Ave', 'Los Angeles, CA 90012']"
7rIawVQKlGJoF7RJmpLpfw,El Capitan Theatre,90028,"['6838 Hollywood Blvd', 'Los Angeles, CA 90028']"
EudxBZP6gdPknFmtNO1ANA,Paramount Theatre,90038,"['5555 Melrose Ave', 'Los Angeles, CA 90038']"
UxIWTC6IortLMW29-KWuZA,Arena Cinelounge - Sunset,90028,"['6464 Sunset Blvd', 'Lobby Level', 'Los Angeles, CA 90028']"
Mo5a7kFlQLykyl2oIOd0CA,Evolve Soccer LA,90039,"['1921 Blake Ave', 'Ste 1', 'Los Angeles, CA 90039']"
O5LpFHHOdyt6DwMJp-KKQw,American Cinematheque,90028,"['6712 Hollywood Blvd', 'Los Angeles, CA 90028']"
y3jjyVbLVXQV5yX_ukdXJA,LA Marathon,90069,"['9200 W Sunset Blvd', 'Ste 550', 'West Hollywood, CA 90069']"
Gc5tn6bsEn9A3LQYfxtk_Q,El Rey Theatre,90036,"['5515 Wilshire Blvd', 'Los Angeles, CA 90036']"
WSOs2JLwc_U2Fy7tofisZQ,AEG Live,90015,"['425 West 11th St', 'Los Angeles, CA 90015']"
32i7au-NzjEYz4n8fyu0mA,The Vermont Hollywood,90029,"['1020 N Vermont Ave', 'Los Angeles, CA 90029']"
vse6csmGLo8F_MFneHv__w,Jordan Hangar,90094,"['12499 West Bluff Creek Dr', 'Los Angeles, CA 90094']"
94tkoK8E3yh-6gZfME2qMA,New Era Team Store,90012,"['1000 Elysian Park Ave', 'Dodger Stadium', 'Los Angeles, CA 90012']"
tMyHOvbaWc_BKPsm3VwQ8Q,Baseline Club 1st Base,90012,"['1000 Elysian Park Ave', 'Los Angeles, CA 90012']"
1WmablTS3V2Vi-aRIQok_w,Lexus Club,90189,"['1111 S Figueroa St', 'Los Angeles, CA 90189']"
1jCkiq1IEAcCTlIhEpIL7Q,The Color Run,90012,"['1000 Elysian Park Ave', 'Los Angeles, CA 90012']"
p61bEn6U4sjJcY4KfDyR6g,McAlister Soccer Field,90007,"['3077 S Hoover St', 'Los Angeles, CA 90007']"
xO9DMIdHDY6NN184uALfNg,The John McKay Center,90089,"['940 W 35th St', 'Los Angeles, CA 90089']"
hURkUN-V6cNRDc8iq1ILdA,Shrine Auditorium and Expo Hall,90007,"['665 W Jefferson Blvd', 'Los Angeles, CA 90007']"
78xBET2ggEk2jYHRftRnUA,AMC Marina Marketplace 6,90292,"['4335 Glencoe Ave', 'Marina Del Rey, CA 90292']"
T67oD4mHHGRTMDyrTwnnJA,CGV Cinemas,90005,"['621 S Western Ave', 'Los Angeles, CA 90005']"
w0pW6DCfJW60U7HOy4efGw,TCL Chinese Theatre,90028,"['6925 Hollywood Blvd', 'Hollywood, CA 90028']"
Lloy0FUqq32tSCtcAVGk4g,Egyptian Theatre,90028,"['6712 Hollywood Blvd', 'Los Angeles, CA 90028']"
p0kAxB2aRlMwqVoKFvEvIg,LA Chinatown Firecracker,90012,"['943 N Broadway', 'Los Angeles, CA 90012']"
Q6xco5uCHgTzo2OkHBYSsw,Los Angeles Dodgers,90012,"['1000 Elysian Park Ave', 'Los Angeles, CA 90012']"
pfimgt4S2vHrOnY8AjlLqA,Los Angeles Marathon,90012,"['1000 Vin Scully Ave', 'Los Angeles, CA 90012']"
95xBVe2OnUGZHO9L72VCBQ,Dodger Stadium - Dugout Club,90012,"['1000 Elysian Park Ave', 'Los Angeles, CA 90012']"
O1eZOdXH6krEuZe5riS4Vg,Dodger Stadium Loge Terrace,90012,"['1000 Vin Scully Ave', 'Los Angeles, CA 90012']"
DtuHQpPhePSZ-KxEYJ6z8w,Subliminal Projects,90026,"['1331 W Sunset Blvd', 'Los Angeles, CA 90026']"
Xx6x8pfPCNwy0gQmvpDcvg,Wine Stop ECPK,90026,"['1288 W Sunset Blvd', 'Los Angeles, CA 90026']"
8XFhBGVW3TwbS2iPpbhnqQ,LA Dodgers Foundation,90012,"['Dodgers Stadium', 'Los Angeles, CA 90012']"
Py9hdau_RXAXXdsdAn53BA,Electric Run,90012,"['1000 Elysian Park Ave', 'Los Angeles, CA 90012']"
4CqTymZennk6GLizWQXZvw,Right Field Bar & Bullpen Overlook,90012,"['1000 Elysian Park Ave', 'Dodger Stadium', 'Los Angeles, CA 90012']"
C_7j2sHa4jj1e96wP8MSdg,Dodgers - Brotherhood of the Game,90012,"['100 N Central Ave', 'Japanese American National Museum', 'Los Angeles, CA 90012']"
7NBJcvHQ0TcgjRRMgJn6SQ,AEG,90015,"['714 W Olympic Blvd', 'Ste 303', 'Los Angeles, CA 90015']"
d5DBVWKAn3VQ1cLZ7t6P-Q,Golden Road Brewing,90013,"['317 S Broadway', 'Los Angeles, CA 90013']"
BedgEP_4NyGQmpkyF4WcYw,The Los Angeles Theatre Center,90013,"['514 S Spring St', 'Los Angeles, CA 90013']"
K4dB6TJn490igbD9cdzedQ,Truck It Fest,90012,"['246 S Spring St', 'Los Angeles, CA 90012']"
bd6Aw2yJir6bXEeZkdF9gw,Pacific Life Pac-10 Men's Basketball Tournament,90015,"['1111 S Figueroa St', 'Staples Center', 'Los Angeles, CA 90015']"
aB_wbh3npydH6HJtF2gDKA,The Regent,90013,"['448 S Main St', 'Los Angeles, CA 90013']"
3ZWPmU-yMb5x-ubtbTu1Zg,New Year's Race 9.3 Challenge & 5k,90071,"['Los Angeles, CA 90071']"
8r__MwGCOYhTit3A6bka1A,The Smell,90012,"['247 S Main St', 'Los Angeles, CA 90012']"
PnWqQ9aXT2Yd5jPMu7xUVg,Beelman's,90014,"['600 S Spring St', 'Los Angeles, CA 90014']"
N1ToTqW3bsuG2x20zam4cA,Orpheum Theatre,90014,"['842 S Broadway', 'Los Angeles, CA 90014']"
G87hOP-iDioJWBfmcelUtw,Los Angeles Theatre,90014,"['615 S Broadway', 'Los Angeles, CA 90014']"
6zofWBRT3URXShIktlVAxg,Karl Strauss - Downtown LA,90017,"['600 Wilshire Blvd', 'Ste 100', 'Los Angeles, CA 90017']"
2J7uL7EQomq3LYoYqRA_Tg,Art of the Game,90015,"['1111 S Figueroa St', 'Los Angeles, CA 90015']"
rGlBnQPIzeT-Xt8Gr8BSBA,Downtown Palace Theatre,90014,"['630 S Broadway', 'Los Angeles, CA 90014']"
ih55Pg_94BGWUuTryEblDg,L.A. Travel Adventure Show,90015,"['1201 S Figueroa St', 'Los Angeles, CA 90015']"
dW8AGK9_83p0ogdd10dYyA,Drake Track Stadium,90095,"['340 Charles E Young Dr N', 'Los Angeles, CA 90095']"
gTFfhHjSavmvi_Ui2pMHZA,The Bellwether,90017,"['333 S Boylston St', 'Los Angeles, CA 90017']"
E_a9gsaWl7djFIaKuyNgtw,Dodger Stadium Botanic Garden,90026,"['1000 Vin Scully Ave', 'Los Angeles, CA 90026']"
2r_UoWCvz4dLr9uSV5Cg1Q,The Novo By Microsoft,90015,"['800 W Olympic Blvd', 'Ste A335', 'Los Angeles, CA 90015']"
OZSpDrRVApTtWQQrfXdBKQ,City Club LA,90071,"['555 S Flower St 51st', 'Fl 51', 'Los Angeles, CA 90071']"
gjfyCXK0-6D1JWyydnXlVQ,Lofton Sports,90056,"['4859 W Slauson Ave', 'Ste 112', 'View Park-Windsor Hills, CA 90056']"
GwqD18cXrqcPRdSaH2nt9g,South Pasadena High School Soccer Field,91030,"['1401 Fremont St', 'South Pasadena, CA 91030']"
xITOiI7o6Kz5xqa-yH1qBw,Regal Edwards Alhambra Renaissance,91801,"['1 E Main St', 'Alhambra, CA 91801']"
emAV2KRVv2eySRii3466pg,AMC Atlantic Times Square 14,91754,"['450 N Atlantic Blvd', 'Monterey Park, CA 91754']"
6ydKjs1AJuN2ffSdGTk02Q,Regency Commerce 14,90022,"['950 Goodrich Blvd', 'Commerce, CA 90022']"
CTzku5UuMkUvPIhnBLjwIw,Cherry Blossom Festival - Monterey Park,91755,"['350 S McPherrin Ave', 'Barnes Park', 'Monterey Park, CA 91755']"
vR--63FFjACQOcXZ9_SPcQ,Dodgers Holiday Festival,90026,"['1000 Vin Scully Ave', 'Los Angeles, CA 90026']"
mQd5fDUmP-IQiME4cZEUIA,LA Big 5K,90012,"['1000 Vin Scully Ave', 'Los Angeles, CA 90012']"
C-ObRzF3NytUBvoGWWHglg,Linden Heights Condo,90042,"['4200 Via Arbolada', 'Los Angeles, CA 90042']"
cmDHVQ-uMFZjiuLZBDBOEg,My Town at Dodger Stadium,90012,"['1000 Elysian Park Ave', 'Reserve Level Sections 56-60', 'Los Angeles, CA 90012']"
SwTaw7PnnjNP3sCVoN_dxA,1st Impression All Star Dance studio,90039,"['3001 Gilroy St', 'Los Angeles, CA 90039']"
XJ5l3q-B7fNNj9IFWQ_FcA,Pauley Pavilion,90095,"['301 Westwood Plz', 'Los Angeles, CA 90095']"
mCvwsm7WwTXTKVUtuu_Ccw,Jackie Robinson Stadium,90049,"['100 Constitution Ave', 'Los Angeles, CA 90049']"
Lxdu_4sVNPCDHi6dR-89IQ,Sepulveda Screening Room,90025,"['1640 S Sepulveda Blvd', 'Ste 104', 'Los Angeles, CA 90025']"
4rBb846DtNdYw6vXUiWkzg,NA LCS Studio,90064,"['12312 W Olympic Blvd', 'Los Angeles, CA 90064']"
V9DXseGJNzLeCxUpMZuUnw,Regency Bruin Theatre,90024,"['948 Broxton Ave', 'Westwood Village, CA 90024']"
4DsU5Pqe-uuE48VAK0PmiA,Ucla Intramural Field,90024,"['405 Hilgard Ave', 'Los Angeles, CA 90024']"
X1cvlwshL7t2PUxPQR9Hhw,Wallis Annenberg Stadium,90095,"['Ucla Campus', 'Los Angeles, CA 90095']"
BhHL2vthE_YdaiP6rElMwQ,Regency Village Theatre,90024,"['961 Broxton Ave', 'Los Angeles, CA 90024']"
WMhCK-_hbr71otQk2hFL-A,The Landmark Westwood,90024,"['1045 Broxton Ave', 'Los Angeles, CA 90024']"
H8cZgL576PRl0IzHuknGAA,Easton Stadium Home of The Bruins,90024,"['100 De Neve Dr', 'Los Angeles, CA 90024']"
QbpURaXSm7TFdsK882VIcQ,IPIC Westwood,90024,"['10840 Wilshire Blvd', 'Los Angeles, CA 90024']"
zxokcBl3MV3BH7BJy7aRHw,Nuart Theatre,90025,"['11272 Santa Monica Blvd', 'Los Angeles, CA 90025']"
wKf87agRGdeayWOzQhRYiA,AMC Century City 15,90067,"['10250 Santa Monica Blvd,2000', 'Ste 2000', 'Los Angeles, CA 90067']"
JLmISBnoLXRfacGsK4uKxg,Royce Hall - UCLA,90095,"['10745 Dickson Ct', 'Los Angeles, CA 90095']"
tc40keTobYQFWmb-lucgFw,Laemmle’s Royal Theatre,90025,"['11523 Santa Monica Blvd', 'Los Angeles, CA 90025']"
zRlDhJgcwXEphTUhMaCfyw,The Getty Center,90049,"['1200 Getty Ctr Dr', 'Los Angeles, CA 90049']"
U0e8yD4Dn9WoCHa1iENtRA,Troubadour,90069,"['9081 Santa Monica Blvd', 'West Hollywood, CA 90069']"
OyVpSHQocWuK4Jw4PIndQA,Festival Supreme,90401,"['Santa Monica, CA 90401']"
pQEh81XST07bT6H0v0xvgg,Landmark Theatres Sunset,90046,"['8000 Sunset Blvd', 'Los Angeles, CA 90046']"
nyqgHTl4IkmvndLSCo19sA,Gersten Pavilion,90045,"['1 Lmu Dr', 'Los Angeles, CA 90045']"
2xTylj3yv8dBFphFXmDkMA,Aero Theatre,90403,"['1328 Montana Ave', 'Santa Monica, CA 90403']"
FFGEwWJEvPyUcBLFesz6cQ,Eat See Hear,90405,"['601 Pico Blvd', 'Santa Monica High School Memorial Greek Amphitheater', 'Santa Monica, CA 90405']"
q4Wa226t-RomZlCJLxjw5g,Rose Bowl Stadium,91103,"['1001 Rose Bowl Dr', 'Pasadena, CA 91103']"
PJVMQKrtp7SV74HniHTCPg,Rose Bowl Flea Market,91103,"['1001 Rose Bowl Dr', 'Pasadena, CA 91103']"
Y6qF1BNP7ovf6kKG3DSevw,Regal UA La Canada,91011,"['1919 Verdugo Blvd', 'La Canada, CA 91011']"
s3mcT_VRzW7eNxTuJqeeqA,Greek Theatre,90027,"['2700 N Vermont Ave', 'Los Angeles, CA 90027']"
NVEe_0QQMqguFaxObe9SIg,Vista Theatre,90027,"['4473 Sunset Dr', 'Los Angeles, CA 90027']"
lcPyY7SvPf24je1zBQKpnA,Hotel Café,90028,"['1623 1/2 N Cahuenga Blvd', 'Los Angeles, CA 90028']"
sQqS-cWKroKM6p-CxnDhzg,The Montalbán,90028,"['1615 N Vine St', 'Hollywood, CA 90028']"
Q_2lGFpRgHJcKdKTPr9sfQ,Theatre Asylum,90038,"['6320 Santa Monica Blvd', 'Los Angeles, CA 90038']"
aPp6KLpVYGThIgRojBXtLw,The Bourbon Room,90028,"['6356 Hollywood Blvd', 'Fl 2', 'Los Angeles, CA 90028']"
FGclisk8H3Y3VtUrRTxAog,The Hudson Theatres,90038,"['6539 Santa Monica Blvd', 'Los Angeles, CA 90038']"
-WgWyNYqHI735_OXG9Uf4g,The Fonda Theatre,90028,"['6126 Hollywood Blvd', 'Hollywood, CA 90028']"
jt2GhB59aHKyFAJXjqUYZA,Hollywood Palladium,90028,"['6215 Sunset Blvd', 'Hollywood, CA 90028']"
UgBeOyhXVvCyOd8AAV6Ohw,Hollywood Pantages Theatre,90028,"['6233 Hollywood Blvd', 'Los Angeles, CA 90028']"
LymlCQ-DIQmgiSalHrRuCQ,Spartan Race,90012,"['1000 Vin Scully Ave', 'Dodger Stadium', 'Los Angeles, CA 90012']"
WpEl_cSOWrTXCi2bheLO1g,Los Feliz 3,90027,"['1822 N Vermont Ave', 'Los Angeles, CA 90027']"
R3r9CMU571jCCrSx2kSdZQ,UrbanFutsal LA,90031,"['352 N Ave 21', 'Los Angeles, CA 90031']"
BPT-D30wcq-_SOU8pY6zTw,Street Food Cinema,90031,"['Los Angeles, CA 90031']"
dXy800lWaAxUbiXvQa-g9A,The Greyhound Bar & Grill,90042,"['5570 N Figueroa St', 'Los Angeles, CA 90042']"
HlKxlisBOQ80uO6vcetlBA,San Antonio Winery,90031,"['737 Lamar St', 'Los Angeles, CA 90031']"
2yJWU_tGG78q2L50ZFH66w,38 Degrees Ale House & Grill,91801,"['100 W Main St', 'Alhambra, CA 91801']"
q5TMswMhONWfWw6mc2EAHg,LA Plaza de Cultura y Artes,90012,"['501 N Main St', 'Los Angeles, CA 90012']"
rCuwF5S4G2KDpW7jjn02tQ,Ginga Soccer USA,90094,"['13196 Bluff Creek Dr', 'Los Angeles, CA 90094']"
lXf-1R8yWkSayCHmqY9aqQ,Angel City Derby,90230,"['4117 Overland Ave', 'Culver City Veterans Auditorium', 'Culver City, CA 90230']"
TagVy_Fuics4bqUOY8EkoA,Jazz Wailers,90035,"['Los Angeles, CA 90035']"
crGEVXc_XuQG-gMXN6dGvQ,New Beverly Cinema,90036,"['7165 Beverly Blvd', 'Los Angeles, CA 90036']"
DUVnTAd3ByNAgmCsyOiGlA,Center Theatre Group Kirk Douglas Theatre,90232,"['9820 Washington Blvd', 'Culver City, CA 90232']"
Kvu6qZnDSkIwFz6Rxd7lZw,The Mint,90035,"['6010 W Pico Blvd', 'Los Angeles, CA 90035']"
Swfj9FPoR2VG4LWLO0JF2g,Lumiere Music Hall,90211,"['9036 Wilshire Blvd', 'Beverly Hills, CA 90211']"
QH0NHcBP0Kbho1WAhScu-Q,Writers Guild  Theater,90211,"['135 S Doheny Dr', 'Beverly Hills, CA 90211']"
NlBCqznSAm7qBB1LC_1pgw,Melrose Trading Post,90046,"['7850 Melrose Ave', 'Fairfax High School', 'Los Angeles, CA 90046']"
ANZE53S6DkPSBdB0y_EGmA,ZogSports,90066,"['12240 Venice Blvd', 'Ste 18', 'Los Angeles, CA 90066']"
I5I_UbnY3fUyK4C_AsKjzQ,Petersen Automotive Museum,90036,"['6060 Wilshire Blvd', 'Los Angeles, CA 90036']"
rM8jkDdfURVUjoAWaLwebw,Let Live Theatre,90046,"['916 N Formosa Ave', 'Los Angeles, CA 90046']"
ZgpwIkQOkVh46TB2u-BXMg,AMC The Grove 14,90036,"['189 The Grove Dr', 'Los Angeles, CA 90036']"
R0eQOFNWt-u7rngVo4-Cqg,The Actors' Gang,90232,"['9070 Venice Blvd', 'Culver City, CA 90232']"
HbH_TSiBukxRBUP2hZuedg,Cinemark Baldwin Hills,90008,"['4020 Marlton Ave', 'Los Angeles, CA 90008']"
1XUzOcwNTfky9hPAhbTkoA,Los Angeles County Museum of Art,90036,"['5905 Wilshire Blvd', 'Los Angeles, CA 90036']"
CKwO8kuCZVl4C6yD1SIdtA,Actors Co-op Theatre Company,90028,"['1760 N Gower St', 'Los Angeles, CA 90028']"
hbBlSEjpAy3DEh2WohC21g,Academy Museum Of Motion Pictures,90036,"['6067 Wilshire Blvd', 'Los Angeles, CA 90036']"
D_Zl1RtTv2IehaJAezQScQ,Stephanie Feury Studio Theatre,90038,"['5636 Melrose Ave', 'Los Angeles, CA 90038']"
JPquZnHcs6u2ZtUO4pmAmw,Linwood Dunn Theater,90028,"['1313 Vine St', ""Academy's Pickford Center for Motion Pictures"", 'Los Angeles, CA 90028']"
vo-ZvA0mVurifEtv9NsTtA,IPIC Pasadena,91103,"['42 Miller Alley', 'Pasadena, CA 91103']"
2iwCdMdYfhIcLbJv7jiYAA,Heritage of Aloha,90670,"['12100 Mora Dr', 'Santa Fe Springs, CA 90670']"
xO8lcNWaM4vpgllb8BCNfQ,Urban Soccer 5 Center,90650,"['12000 Firestone Blvd', 'Norwalk, CA 90650']"
KYFAXpI92pNUzeeSRJSMVA,Parkwest Bicycle Casino ,90201,"['888 Bicycle Casino Dr', 'Bell Gardens, CA 90201']"
fpX8gLCOUXrPV8axoYL9-Q,Masters of Taste,91103,"['1001 Rose Bowl Dr', 'Pasadena Rose Bowl', 'Pasadena, CA 91103']"
ASSGn6gV02X_5QUiroZD-A,FoodieLand,91103,"['1001 Rose Bowl Dr', 'Pasadena, CA 91103']"
ZmXE89C3FG0mL3qeCGwr8Q,Tailgater Concierge,91103,"['1001 Rose Bowl Dr', 'Pasadena, CA 91103']"
sO0b5Y4wqawAlLjGUlQgqw,Arroyo Seco Weekend,91103,"['1133 Rosemont Ave', 'Pasadena, CA 91103']"
dOTSgMaU9OvrtAbMiwvofw,Pasadena Half Marathon & 5K,91103,"['1001 Rose Bowl Dr', 'Pasadena, CA 91103']"
uhL6S6jrHx5dd412iQFvJw,UCLA Football,91103,"['838 W Dr', 'Rose Bowl Stadium', 'Pasadena, CA 91103']"
Zq8a4Jmc_rEVg3RojL8uIw,Kidspace Children's Museum,91103,"['480 N Arroyo Blvd', 'Pasadena, CA 91103']"
EMsHeMAlZFc-qZddyo2BKg,Americafest,91103,"['1001 Rose Bowl Dr', 'Pasadena, CA 91103']"
x7qFQRkMk7SPVKMcFPwXSA,Awesome 80's 5k/10k Run,91103,"['1001 Rose Bowl Dr', 'Pasadena Rose Bowl', 'Pasadena, CA 91103']"
m4PXnflhJyEzipsMVC9S0w,American Legacy Fine Arts,91103,"['949 Linda Vista Ave', 'Pasadena, CA 91103']"
s9HKT7TnSu5KnMU4ds2rrQ,Alex Theatre,91203,"['216 N Brand Blvd', 'Glendale, CA 91203']"
BFV1PbGsDOTwFTWmGIgbzQ,Dodger Stadium Luxury Suites,90012,"['1000 Vin Scully Ave', 'Los Angeles, CA 90012']"
6VlqNrHj0XiTRHEf2U_35w,Dodger's Fan Fest,90012,"['1000 Vin Scully Avenue', 'Los Angeles, CA 90012']"
7ruh3sU_7yCdBFV83_pGRA,Los Angeles Theatre Academy,90012,"['929 Academy Rd', 'Los Angeles, CA 90012']"
6awt2uBuf4pUTyNwTgm62A,Lavender Blue,90305,"['3310 W Manchester Blvd', 'Inglewood, CA 90305']"
3hLDxonH92EGa-p3d2aG9g,Cinépolis Luxury Cinemas,90305,"['1233 District Dr', 'Unit 100', 'Inglewood, CA 90305']"
whI1HKFfNDC_b8F2xhNPzA,Hollywood Park Casino,90303,"['3883 W Century Blvd', 'Inglewood, CA 90303']"
6KajhhXQMdt3a3NvFmgvAA,West Coast Lions Football,90047,"['Los Angeles, CA 90047']"
v4XQSiFL9QblKnLE4pJz6A,Natural History Museum Of Los Angeles County,90007,"['900 Exposition Blvd', 'Los Angeles, CA 90007']"
bE-WKZlRsKPMlEgEynMmcw,Central Redondo Little League,90278,"['2301 Grant Ave', 'Redondo Beach, CA 90278']"
Q28150g1YirnVpFGDl1uQw,AVP Manhattan Beach Open,90266,"['100 Manhattan Beach Blvd', 'Manhattan Beach, CA 90266']"
D8D8Z6NXmaPLmA0Oa4QcDQ,Culver Marina little league,90292,"['13120 Culver Blvd', 'Marina del Rey, CA 90292']"
Q4SoTR9GkA9uKPQt_F7iRg,Cinemark Playa Vista and XD,90096,"['12746 W Jefferson Blvd', 'Ste 3190', 'Los Angeles, CA 90096']"
6ytRLP9rivVIcMptLYkfkA,Rasselbock Kitchen & Beer Garden Los Angeles,90066,"['3817 Grand View Blvd', 'Los Angeles, CA 90066']"
4ydzPQM7yY5ThBg6xXdJYA,Cinemark 18 and XD,90045,"['6081 Center Dr', 'Ste 201', 'Los Angeles, CA 90045']"
LSVohqiat8lHAMC4LsZArg,Laemmle Noho 7,91601,"['5240 Lankershim Blvd', 'North Hollywood, CA 91601']"
IECg-CbB39J08ITsDD9LXA,Largo at the Coronet,90048,"['366 N La Cienega Blvd', 'Los Angeles, CA 90048']"
KOKN66aTuF9w7CRWXgjYJg,Premier America Credit Union Arena,91330,"['18111 Nordhoff St', 'Northridge, CA 91330']"
IwZpbMHaxqQViY7ESfe1tQ,Valley Soccer Center,91311,"['21000 Superior St', 'Chatsworth, CA 91311']"
mK-Bbq6fgW5bdBSzvDtNQA,Whitsett Sports Field,91605,"['12455-12499 Vanowen St', 'Los Angeles, CA 91605']"
gufHn8bEkdddPcHJ135uEQ,Lotus Festival Echo Park,90189,"['751 Echo Park Ave', 'Los Angeles, CA 90189']"
H4ew518bqV4ew61g-brTrQ,Button Mash,90026,"['1391 Sunset Blvd', 'Los Angeles, CA 90026']"
i_Y-EE1LkKStw9BTUJ0eCA,Alamo Drafthouse Cinema Downtown Los Angeles,90017,"['700 W 7th St', 'Unit 240', 'Los Angeles, CA 90017']"
o8771nt4lrEBGtQ5YL9kjA,Dark Nights LA Live,90015,"['800 W Olympic Blvd', 'Los Angeles, CA 90015']"
8r1uK9xUSked7fHEFGywBQ,Los Angeles Marathon Health & Fitness Expo,90015,"['1201 South Figueroa St', 'Los Angeles, CA 90015']"
7vtEF5s8pXucKK4hgQ29UA,Cottage Home Cinema Land,90012,"['410 Cottage Home St', 'Los Angeles, CA 90012']"
1maSHx5dyZIO7-NXGerzIw,The Geffen Contemporary at MOCA,90012,"['152 N Central Ave', 'Los Angeles, CA 90012']"
36BEB4rHtLJZ5mUd2BGJBw,Wallis Annenberg Center for the Performing Arts,90210,"['9390 N Santa Monica Blvd', 'Beverly Hills, CA 90210']"
ja0KBP7AENaYs3HwMimTpg,Universal Cinema AMC at CityWalk Hollywood,91608,"['100 Universal City Plz', 'Universal City, CA 91608']"
n_7J7R96fUHk7WP9CjKa7w,The Roxy Theatre,90069,"['9009 W Sunset Blvd', 'West Hollywood, CA 90069']"
6KZwrR70IQ6uEBuT85hKyQ,The Viper Room,90069,"['8852 W Sunset Blvd', 'West Hollywood, CA 90069']"
H_AmfBSt0ock5-JNde6bsw,REDCAT,90012,"['631 W 2nd St', 'Los Angeles, CA 90012']"
eWyXLciNiCkgNhjlvycXbg,LA Opera,90012,"['135 N Grand Ave', 'Dorothy Chandler Pavilion', 'Los Angeles, CA 90012']"
hOwiul4KHqNnVKVWgacqSA,The Black Box Theatre,90025,"['12420 Santa Monica Blvd', 'Los Angeles, CA 90025']"
KrA6Zjs-JH7FwvIJVAfEFQ,Sonny McLean's,90403,"['2615 Wilshire Blvd', 'Santa Monica, CA 90403']"
Hy2sGp-joy7026WB37XKRw,Laemmle Town Center 5,91316,"['17200 Ventura Blvd', 'Encino, CA 91316']"
H8Vp2ME9qSMWHfqGDPEfTQ,Coach Hezzy,91423,"['14201 Huston St', 'Los Angeles, CA 91423']"
sFmqBjlhw8AYpR4gpCo1xg,The 5,91316,"['17301 W Oxnard St', 'San Fernando Valley, CA 91316']"
YTzjBclRMzFO9NKg76V4Rg,Regal Sherman Oaks Galleria,91403,"['15301 Ventura Blvd', 'Bldg A, Fl 3, Ste 300', 'Sherman Oaks, CA 91403']"
aTWOmUIqMrgsTCR6L6tM5Q,NFR Tickets,91316,"['17547 Ventura Blvd', 'Encino, CA 91316']"
rVFN0p37wUO1alhgNJoJAg,MountainGate Country Club,90049,"['12445 Mountaingate Dr', 'Los Angeles, CA 90049']"
-C1kHkm_qg-hxHJyopHJpQ,Deaf West Theatre,91601,"['5114 Lankershim Blvd', 'North Hollywood, CA 91601']"
S3xQIrihiRVD5hVDRbScLA,Cinemark North Hollywood,91606,"['12827 Victory Blvd', 'North Hollywood, CA 91606']"
S9MJ6esRC97S9g6-buVvdg,The United Theater,90015,"['929 S Broadway', 'Los Angeles, CA 90015']"
-VnjiY5An_lqUWG9wRu3YA,Rock 'n' Roll Los Angeles Half Marathon,90015,"['S Figueroa St & W 12th St', 'Los Angeles, CA 90015']"
n6FfCqyx7QMY2VtqnDciTg,Rooftop Cinema Club DTLA,90014,"['888 S Olive St', 'Los Angeles, CA 90014']"
Tkd-yb6iyEolYmwa0MAxYg,AMC DINE-IN Marina 6,90292,"['13455 Maxella Ave', 'Ste 280', 'Marina Del Rey, CA 90292']"
ln1as8VJiKNVPlD66O7s3A,HSP Combat Center,90706,"['9030 Somerset Blvd', 'Bellflower, CA 90706']"
6Mgk84eyJCbBOMej4gCYIw,Goals South Gate,90280,"['9599 Pinehurst Ave', 'South Gate, CA 90280']"
qinSIUHGbbg1U7p-pRDqeA,Regal Edwards,90280,"['8630 Garfield Ave', 'South Gate, CA 90280']"
EYm12SPnc78ncgYqs6F4hw,Saban Theatre,90211,"['8440 Wilshire Blvd', 'Beverly Hills, CA 90211']"
EStU52z5EsN-kmY1qrJKGw,Dignity Health Sports Park,90746,"['18400 S Avalon Blvd', 'Carson, CA 90746']"
SwRb8NluMtPKWdnXgdVGNQ,LA Galaxy,90746,"['18400 Avalon Blvd', 'Ste 200', 'Carson, CA 90746']"
DTbe0nuLxwNEvyCTW23_jg,Los Angeles Chargers,90746,"['18400 S Avalon Blvd', 'Carson, CA 90746']"
Wp46EEbepdmV0aWH7WS2Iw,Carson Center,90745,"['801 E Carson St', 'Carson, CA 90745']"
BoHwJ-YS8Rud1zZ3W1c4mQ,Zamperini Stadium,90501,"['2125 Lincoln Ave', 'Torrance, CA 90501']"
rYt8gYa9k-_yURcQ5SdJQw,Velo Sports Center,90746,"['18400 Avalon Blvd', 'Carson, CA 90746']"
IoAKJ_hV2hS4KIqXs0aMNg,Firefly Run,90746,"['722-734 E Victoria St', 'Carson, CA 90746']"
WoF3OZyj68ojNuCMX7R8cw,Color Run,90746,"['18400 South Avalon Blvd', 'Carson, CA 90746']"
vcjaVGfLAnKMwHHXTm4U7w,XFL LA Wildcats,90001,"['Los Angeles, CA 90001']"
CD89IFLVmQ8LF9rHSL1ftw,American Express Stadium Club,90746,"['18400 Avalon Blvd', 'StubHub Center', 'Carson, CA 90746']"
iZgeK2FyGydAw9sVrftl6Q,The Neon Run,90746,"['18400 S Avalon Blvd', 'Carson, CA 90746']"
vSyWQjXOS48ren51WWX23g,El Camino College Marsee Auditorium,90506,"['16007 Crenshaw Blvd', 'Torrance, CA 90506']"
KsQev-x_PqVuG4kncDq54g,Veteran's Memorial Stadium,90899,"['5005 Lew Davis Dr', 'Long Beach, CA 90899']"
_ygbl3bYlC1grBk2a60-ng,Starlight Cinemas - Lakewood,90712,"['5200 Faculty Ave', 'Lakewood, CA 90712']"
EHBw5cE9XfN2UMefPjmCwA,So-Cal Cycle Swap Meet,90808,"['5000 Lew Davis St', 'Long Beach, CA 90808']"
vWx9mWooIzGnH_VzlmroTA,Jammin' Music,90807,"['4228 Atlantic Ave', 'Long Beach, CA 90807']"
hPbCoU8Qi65pK7obg_u_GA,Bianchi Theatres,90723,"['7770 Rosecrans Ave', 'Paramount, CA 90723']"
gcyqLJZamrPwc61en0Gkmw,Excelsior Track,90650,"['15711 Pioneer Blvd', 'Norwalk, CA 90650']"
zPeDM9ScxRA0MBhAIReybw,Cerritos College Falcon Field,90650,"['16220-16288 Gridley Rd', 'Norwalk, CA 90650']"
3sS8C-JWStBK9IDj_Z4Saw,Pico Rivera Sports Arena,90601,"['11003 Rooks Rd', 'South San Jose Hills, CA 90601']"
23DuADa5ERAYVNdKVXE-Cw,Starlight Whittier Village Cinemas,90602,"['7038 Greenleaf Ave', 'Whittier, CA 90602']"
ecBLJ7orYR7Q_vAPzxmGiw,Joni Sandez y Su Grupo Norteño,92410,"['25082 Base Line St', 'San Bernardino, CA 92410']"
Kf90EoDGs_7ceaDotNg5DA,Regal Edwards Cerritos,90701,"['12761 Towne Center Dr', 'Cerritos, CA 90701']"
hhtN3bVF35V1pOPpXu2Jow,Cinépolis Luxury Cinemas,90660,"['8540 Whittier Blvd', 'Pico Rivera, CA 90660']"
5rQVhbSWnPipSlGp1lR3Mg,AMC Norwalk 20,90650,"['12300 E. Civic Center Drive', 'Norwalk, CA 90650']"
a1ikRSuE_l95B4lxuQtU5g,Cinemark Downey and XD,90242,"['8840 Apollo Way', 'Downey, CA 90242']"
NbpnJFROIdr0OW5ypPBa0A,Harkins Theatres Cerritos 16,90703,"['239 Los Cerritos Ctr', 'Ste 505', 'Cerritos, CA 90703']"
l117bfO3eDY3cKXNygDUfA,Cerritos Center for the Performing Arts,90703,"['18000 Park Plaza Dr', 'Cerritos, CA 90703']"
4donXJLQgv30Dl0KkFsjfw,Sandblast Concerts,90277,"['137 N Pacific Coast Hwy', 'Redondo Beach, CA 90277']"
5VxxyRV0Iz0Jh15IecgHKA,Redondo Beach Performing Arts Center,90278,"['1935 Manhattan Beach Blvd', 'Redondo Beach, CA 90278']"
CwbX_OAWzaWUgr1Knus1fg,North Torrance Girls Softball League,90504,"['2602 W 182nd St', 'Torrance, CA 90504']"
KAGqFIOyaWNRi4eb5ftLOg,AMC DINE-IN South Bay Galleria 16,90278,"['1815 Hawthorne Blvd - Ste 368', 'Ste 368', 'Redondo Beach, CA 90278']"
31p7FbSUSnjh0lO84IvH_g,Saint Rocke,90254,"['142 Pacific Coast Hwy', 'Hermosa Beach, CA 90254']"
caca_YptbDyN7KxyrnZq6Q,AMC Del Amo 18,90503,"['3525 W. Carson St Spc 73', 'Torrance, CA 90503']"
UmC0vX1pJhq8yJVL48OrPw,Firestone Fieldhouse,90265,"['John Tyler Dr', 'Malibu, CA 90265']"
vfV3sfk78Bv4bRe32ZYr1Q,Los Angeles Rams Corporate Office,91301,"['29899 Agoura Rd', 'Agoura Hills, CA 91301']"
UNnazpF0glwTsCv1q2W59Q,Regency Agoura Hills 8,91301,"['29045 Agoura Rd', 'Agoura Hills, CA 91301']"
Mqv-DOwDL2zP7p-4fXWrJA,Pepperdine Waves Baseball,90263,"['24255 Pacific Coast Hwy', 'Malibu, CA 90263']"
NaIcC6oVA4MGSG4bfl-e1w,Cinépolis Luxury Cinemas,91362,"['180 Promenade Way', 'Westlake Village, CA 91362']"
yfCTfA8SJTJNgZ0zgNr0IQ,AMC DINE-IN Thousand Oaks 14,91360,"['166 W. Hillcrest Drive', 'Thousand Oaks, CA 91360']"
34SIvKTLsOeEWBzpZ_s-eg,Pepperdine University Center For the Arts,90263,"['24255 Pacific Coast Hwy', 'Malibu, CA 90263']"
v-56QlW2RTgwtrjczsdg2Q,AMC Fallbrook 7,91307,"['6731 Fallbrook Ave', 'West Hills, CA 91307']"
TFfBP0cYpsOU8a4ZXAxARw,Spartan Race,90263,"['Malibu, CA 90263']"
-okVrKaZeVGTpV5DMZuUZg,Calabasas Film Festival,91302,"['23548 Calabasas Rd', 'Ste 206E', 'Calabasas, CA 91302']"
1olmdw4pwcu6lrB-nZHrOw,Oak Park Community Center & Gardens,91377,"['1000 Kanan Rd', 'Oak Park, CA 91377']"
UPIuxFQVYEpWYWRXfu_mDA,24/7 Ticket Service,91356,"['5530 Corbin Ave', 'Ste 270', 'Tarzana, CA 91356']"
YOL_DGV4D0zbpD714DIB8w,Barry's Tickets,91302,"['23622 Calabasas Rd', 'Ste 123', 'Calabasas, CA 91302']"
hL8aybokRNLiAkYYG9gjBw,The Getty Villa,90272,"['17985 Pacific Coast Hwy', 'Pacific Palisades, CA 90272']"
ZtXbSHSOVQnzYewA2pnz1g,The Canyon Agoura Hills,91301,"['28912 Roadside Dr', 'Agoura Hills, CA 91301']"
OpnxaAb6wcv2uSudptrvIw,Will Geer's Theatricum Botanicum,90290,"['1419 N Topanga Canyon Blvd', 'Topanga, CA 90290']"
29pAx23IzHinmRDKRg9fow,Studio Movie Grill - Simi Valley,93065,"['1555 Simi Town Center Way', 'Simi Valley, CA 93065']"
uKaj8t6UMWL9w5lUEpiNRQ,Regal Promenade,90274,"['550 Deep Valley Dr', 'Ste 336', 'Rolling Hills Estates, CA 90274']"
i4GX31aoWokAe9y6tnZelg,The Queen Mary's CHILL,90802,"['1126 Queens Hwy', 'The Queen Mary', 'Long Beach, CA 90802']"
z0mpcwiOa3vql4u3v0s9uA,Sound Series,90275,"['100 Terranea Way', 'Rancho Palos Verdes, CA 90275']"
xRHKfn9rXLYzL-9et9Yt3g,AMC Rolling Hills 20,90505,"['2591 Airport Drive', 'Torrance, CA 90505']"
CGU9FBkfgqQsYepWa5Hukw,Starlight Terrace Cinemas 6,90275,"['28901 S Western Ave', 'Ste 333', 'Rancho Palos Verdes, CA 90275']"
-vvkLE61wgaHyaty1Ro0Lg,Long Beach Arena- Long Beach Convention Center And Entertainment,90802,"['300 E Ocean Blvd', 'Long Beach, CA 90802']"
rCWxSPn73cxW6MtHZNJjJQ,Cirque Du Soleil - Volta,90012,"['1000 Vin Scully Ave', 'Los Angeles, CA 90012']"
LWCue8apG7O3TPAaOE652g,Acura Grand Prix of Long Beach,90899,"['3000 Pacific Ave', 'Long Beach, CA 90899']"
kTWyjTgvSXtnZy-ZEoFtDg,US Coffee Championships,90802,"['300 E Ocean Blvd', 'Long Beach Arena', 'Long Beach, CA 90802']"
ee-XZ9eLIJG8fXeeOptMzw,Gallagher's Pub & Grill,90803,"['2751 E Broadway', 'Long Beach, CA 90803']"
nGNPGTCDJbr4Y4X9wf45XA,Keegan's Sports Lounge and Grill,90501,"['1434 Marcelina Ave', 'Torrance, CA 90501']"
_Exgk6uBbK7BGbdWH1r4zQ,Regency Theaters,91344,"['16830 Devonshire St', 'Granada Hills, CA 91344']"
Kji6g_2za_yAGJAgeD6mgw,Illusion Magic Lounge,90401,"['1418 4th St', 'Santa Monica, CA 90401']"
HXS8bZOaI-gHl8sMFn5Q_A,Laemmle Monica Film Center,90401,"['1332 2nd St', 'Santa Monica, CA 90401']"
MMgbVtzppKg4WiacUiQCEQ,The Dollface Dames,90401,"['1418 4th St', 'Ste 2', 'Santa Monica, CA 90401']"
mHAUf52qSLOLhoLt1PdWsA,Santa Monica Playhouse,90401,"['1211 4th St', 'Santa Monica, CA 90401']"
OcUxaL7TbnbD0DgYhWRq4w,AMC Santa Monica 7,90401,"['1310 3rd St', 'Santa Monica, CA 90401']"
dflWw1FeTHAihM_Amh8egg,Los Angeles Performance Center,90401,"['1404 3rd St Promenade', 'Santa Monica, CA 90401']"
XJ1O977cjIlzmii55mCWNg,Santa Monica College,90405,"['1900 Pico Blvd', 'Santa Monica, CA 90405']"
sdAdLG13N-461U3StnQTvg,Awesome Game Truck To You,91367,"['Woodland hills, CA 91367']"
tHLrUKuWAEgtpTRrVtXqZw,Long Beach Arena,90802,"['300 East Ocean Boulevard', 'Long Beach, CA 90802']"
mV44NApwvbZsamir26Z-XQ,Cinemark At The Pike and XD,90802,"['99 South Pine Ave', 'Long Beach, CA 90802']"
xtnpR4lCCDL4coLwxojxOw,The 6740,90601,"['6740 Greenleaf Ave', 'Whittier, CA 90601']"
yXI4hEucAc5WYwnGY7URyg,Renaissance Plaza,91801,"['1 E Main St', 'Alhambra, CA 91801']"
CIVdUWy8KevSfFqgDcoRpg,Vineland Drive-In,91746,"['443 Vineland Ave', 'City of Industry, CA 91746']"
pEye61wjz6s8KEliGqc9vw,AMC Montebello 10,90640,"['1475 N. Montebello Blvd', 'Montebello, CA 90640']"
bEyTUZc8rReO8pbs9jI-LA,Industry Hills Expo Center,91744,"['16200 Temple Ave', 'City of Industry, CA 91744']"
-ebo7ui-aV_hLWsaSfPV4w,Bishop Amat Memorial High School,91746,"['14301 Fairgrove Ave', 'La Puente, CA 91746']"
Ue3ffAQ5mC6SDb-qpz5dTA,Regal La Habra,90631,"['1351 W Imperial Hwy', 'La Habra, CA 90631']"
_N7abtt31lgkP8CrGHrCaA,Lion's Field,92835,"['1440 N Brea Blvd', 'Fullerton, CA 92835']"
VKLkoZ_4yTUKxBdJ6K_ucA,AMC Puente Hills 20,91748,"['1560 South Azusa Avenue', 'City Of Industry, CA 91748']"
UCB7GR0uavGwoKeFcPuSAQ,AMC La Mirada 7,90638,"['15296 Rosecrans Avenue', 'La Mirada, CA 90638']"
fhedIMmFkos-cpdtub3hIg,La Mirada Theatre For the Performing Arts,90638,"['14900 La Mirada Blvd', 'La Mirada, CA 90638']"
HnSKGDUkRLdA3UPqqD0E5g,AMC DINE-IN Fullerton 20,92832,"['1001 S Lemon St', 'Fullerton, CA 92832']"
4ZO3gloUdFZMyPgBWsA-Ew,Phoenix Club,92821,"['375 W. Central Ave.', 'Brea, CA 92821']"
3H2iHbgaj7sasv2LCUoBCA,Apollo Electric,92821,"['330 N Basse Ln', 'Brea, CA 92821']"
vgmwP0ZoNEaZtj1yGgLN8g,Ultimate Esport,90621,"['6982 Beach Blvd C-211', 'Buena Park, CA 90621']"
LHiJ0zWoXT0Rezya2t-1cQ,Glover Stadium,92801,"['1125 N La Palma Pkwy', 'Anaheim, CA 92801']"
x2gPgOrFLvjM95Hrnw2Tag,CGV Cinemas - Buena Park,90621,"['6988 Beach Blvd', 'Ste 301', 'Buena Park, CA 90621']"
nKZW9YWkITkcftFmw2atjA,The Frida Cinema,92701,"['305 E 4th St', 'Ste 100', 'Santa Ana, CA 92701']"
SCcTsoXlfg2q9dIFpvlPlg,Titan Stadium Cal State Fullerton,92834,"['800 N State College Blvd', 'Fullerton, CA 92834']"
XChr5_uH5Pfs4DqTG-bR_Q,Goodwin Field,92831,"['800 N State College Blvd', 'Fullerton, CA 92831']"
sEmNDsEDQlc0XoO8I4KS3Q,The Office Sports Academy,92806,"['1351 N Kraemer Blvd', 'Anaheim, CA 92806']"
OAVReI-Y8AGu0ePyPGuF1Q,Fullerton Arboretum,92831,"['1900 Associated Rd', 'Fullerton, CA 92831']"
U-Q3tLjRcoahC6iuOOnWtg,Fullerton Auditorium ,92832,"['201 E Chapman Ave', 'Fullerton, CA 92832']"
-0ZR3lvt2adyKaz6fwQNUQ,Pumpkin Launch,92831,"['800 N State College Blvd', 'California State University', 'Fullerton, CA 92831']"
3WbrowIR-2huMGrJmiRk-Q,Regal Edwards Brea East,92821,"['155 W Birch St', 'Brea, CA 92821']"
T5PB_yzn2O1MZodksJdoHw,Curtis Theatre,92821,"['1 Civic Center Circle Dr', 'Brea, CA 92821']"
rhcLy6LaeWK-liInsepiCw,Campus Billiards & Sports Bar,90630,"['9111 Valley View St', 'Ste 107', 'Cypress, CA 90630']"
EfMl6aqR1qVtkwai-juGtg,Krikorian Buena Park Metroplex 18,90620,"['8290 La Palma Ave', 'Buena Park, CA 90620']"
CbzIuqR_2z4AYWHFnHnYLw,Regal Edwards Long Beach,90808,"['7501 E Carson Blvd', 'Long Beach, CA 90808']"
tZweO33K3r_K7HdMJgv8aQ,Avengers Super Heroes Half Marathon Weekend,92802,"['1313 Disneyland Dr', 'Anaheim, CA 92802']"
7fkjNeDr9L3jmJ6kJNJvZg,River Church,92805,"['201 E Broadway', 'Anaheim, CA 92805']"
YrfgboOuMtKIctmsjNvRmQ,Angel Stadium of Anaheim,92803,"['2000 E Gene Autry Way', 'Anaheim, CA 92803']"
1YdqLf80H9oMrjUM7CiWig,Karl Strauss Brewing Company,92806,"['2390 E Orangewood Ave 100', 'Ste 100', 'Anaheim, CA 92806']"
aAPHr0LqEdIMWsIjiBau-w,Blair Field,90804,"['4700 Deukmejian Dr', 'Long Beach, CA 90804']"
l-Y_cpvBGdYoGwfDSQT8gw,Kare Youth League,91724,"['735 N Glendora Ave', 'Covina, CA 91724']"
VnsrMkVN2w-dEahJ-xkxiw,Walter Pyramid,90840,"['1250 N Bellflower Blvd', 'Long Beach, CA 90840']"
tKStKc9LX9L5T3tRRmto2Q,Arbor Park Soccer Field,90720,"['4665 Lampson Ave', 'Los Alamitos, CA 90720']"
izdEEC6v4BrhEAIzc-jcMw,Los Alamitos Race Course,90720,"['4961 Katella Ave', 'Los Alamitos, CA 90720']"
PWXAsiFTico7Kq7loKIzXw,Starlight West Grove Cinemas,92845,"['12111 Valley View St', 'Garden Grove, CA 92845']"
qTTiOz1AJQhtyG3_0tVy3A,Long Beach Oktoberfest,90815,"['7550 E Spring St', 'Long Beach, CA 90815']"
Oz99R0EYxu7PGwUe1RGTXg,Catalina Casino,90704,"['1 Casino Way', 'Avalon, CA 90704']"
cxnxMWEYx84-42tkQYStLw,Catalina Museum,90704,"['217 Metropole Ave', 'Avalon, CA 90704']"
6M99-iX195yA-acSFbz_Zw,Wrigley Memorial & Botanic Garden,90704,"['1400 Avalon Canyon Rd', 'Avalon, CA 90704']"
4Uke1jraGNxoGqeB55SLtQ,AMC Marina Pacifica 12,90803,"['6346 E. Pacific Coast Hwy', 'Long Beach, CA 90803']"
Ub7zNyYpFylb10mw_C9qeQ,Coast Tickets,90806,"['2750 E Spring St', 'Ste 205', 'Long Beach, CA 90806']"
UbzQrgm1TwmHZRspcPxtuA,Warner Grand Theatre,90731,"['478 W 6th St', 'San Pedro, CA 90731']"
mkRXiuuFp06CiDlIov0y6g,Long Beach Comic Expo,90802,"['300 E Ocean Blvd', 'Long Beach Convention Center', 'Long Beach, CA 90802']"
H_j089ZWRIIA90usua2q1Q,Congregation Ale House,90802,"['201 E Broadway Ave', 'Long Beach, CA 90802']"
RIw1aOsM6Bexxpdeg3FaFg,Fred Hall Show,90802,"['300 E Ocean Blvd', 'Long Beach, CA 90802']"
zHHLlzwjb4bfMYXAt3rG-w,Century Huntington Beach and XD,92647,"['7777 Edinger Ave', 'Ste 170', 'Huntington Beach, CA 92647']"
jEhjD6pXI4x-ZX2-O5LzKg,Regency Westminster 10,92683,"['6721 Westminster Blvd', 'Westminster, CA 92683']"
zQMplpP_VZ4tW-u-UHbKHA,Earl Burns Miller Japanese Garden,90840,"['1250 N Bellflower Blvd', 'Long Beach, CA 90840']"
5xcl6MzmFOe0bKFVvO6Y3g,Patchwork Indie Arts & Crafts Festival,90803,"['5225 E Paoli Way', 'Long Beach, CA 90803']"
8bveHCK-gGcpIQtdwXRicg,Cypress College Theater,90630,"['9200 Valley View St', 'Fine Arts Building', 'Cypress, CA 90630']"
KJa1HU9oTUlmwaXsx6xVPw,Cinemark Carson and XD,90746,"['20700 S Avalon Blvd', 'Ste 285', 'Carson, CA 90746']"
jwgST8mVYCxkH1QN9yPCIQ,Art Theatre,90814,"['2025 E 4th St', 'Long Beach, CA 90814']"
TB3wwBI5k1nBy-mPcnIeXw,Long Beach Beer Festival,90803,"['5411 E Ocean Blvd', 'Long Beach, CA 90803']"
b4HCPnIIEUntmsyA4lfCdA,Long Beach Playhouse: Mainstage & Studio Theatres,90804,"['5021 E Anaheim St', 'Long Beach, CA 90804']"
03Wxewy211WY-HIer90tEw,Carpenter Performing Arts Center,90815,"['6200 E Atherton St', 'Long Beach, CA 90815']"
cNo9ryzQqLAjBIarwE7Cww,Leisure World Amphitheater,90740,"['13564 St Andrews Dr', 'Seal Beach, CA 90740']"
l1flppfuwkFm6URNlMZv9w,Santa Anita Park,91007,"['285 W Huntington Dr', 'Arcadia, CA 91007']"
REYoF_zk6hRyZp4F01ISJA,SC Tickets,91106,"['80 N Hill Ave', 'Pasadena, CA 91106']"
HPHe2RW8jHIJYdZxZTLvMA,AMC Santa Anita 16,91007,"['400 South Baldwin Avenue', 'Ste 940-U', 'Arcadia, CA 91007']"
iY1sa6KDfSDg4yHwwGonrA,Regency Academy Cinemas,91106,"['1003 E Colorado Blvd', 'Pasadena, CA 91106']"
NkKmv-2CUO9lqXwLm6OFPQ,Rose Parade Bandfest,91106,"['1570 E Colorado', 'Pasadena City College', 'Pasadena, CA 91106']"
XriCsvVTMO8aj0mIqSn8ng,La Street Food Fest,91007,"['285 Huntington Drive', 'Arcadia, CA 91007']"
Z1BhSbnw8e9EyV1xI8dTOA,Descanso Gardens,91011,"['1418 Descanso Dr', 'La Canada Flintridge, CA 91011']"
PofDBxW33wL8O2u1mtur3g,Pasadena High School Football Field,91107,"['2564-2622 Cooley Pl', 'Pasadena, CA 91107']"
-5gx0eMz0vRzyPvppSdkew,Lojeski Field,91006,"['601 N 2nd Ave', 'Arcadia, CA 91006']"
JlHxDQi7Bx7sTTvN81I5WQ,Run Mt. SAC,91789,"['1100 N Grand Ave', 'Mt. San Antonio College', 'Walnut, CA 91789']"
_FH78r6ndFP7sWvae9c5sg,Irwindale Speedway,91706,"['500 Speedway Dr', 'Irwindale, CA 91706']"
qCHNP2suFAsLOUkvcF6QCQ,Hilmer Lodge Stadiun,91789,"['1100 N Grand Ave', 'Mt San Antonio College', 'Walnut, CA 91789']"
JHRJ00WDDLKDBueaQ4o_xg,TicketGiant,91723,"['750 Terrado Pl', 'Ste 202', 'Covina, CA 91723']"
VdJ2zOUrc0rU-3LUGm_Cgw,Arcadia Performing Arts Center,91007,"['188 Campus Dr', 'Arcadia, CA 91007']"
H4fMj1t-oqyt6ocU5jxx7Q,626 Night Market,91007,"['285 W Huntington Dr', 'Arcadia, CA 91007']"
gXQmIxqiictxBDW_8MJnjQ,A Noise Within,91107,"['3352 E Foothill Blvd', 'Pasadena, CA 91107']"
zMGNkNAHAjuRs4i34AFqAw,Boston Court Pasadena,91106,"['70 N Mentor Ave', 'Pasadena, CA 91106']"
ml-ElazgGpcUBzQTGsuW9Q,Look Dine-In Cinemas - Monrovia,91016,"['410 S Myrtle Ave', 'Monrovia, CA 91016']"
Bjzy3qi0BgvQ7AqZHzIQoQ,Regal Edwards La Verne,91750,"['1950 East Foothill Blvd', 'La Verne, CA 91750']"
K31z6j1TsrwaNyTvyvXIsw,Foothill Cinema 10,91702,"['854 E Alosta Ave', 'Azusa, CA 91702']"
h4NSyU60FGvvnUq2la1Mdg,AMC Covina 17,91722,"['1414 North Azusa Avenue', 'Covina, CA 91722']"
N6wVjCmgjbNkIZwhMlu7qA,Regal Edwards West Covina,91790,"['1200 Lakes Dr', 'West Covina, CA 91790']"
hiT1ahHfEBjtdPuSXwqDrA,Citrus College Visual and Performing Arts,91741,"['1000 W Foothill Blvd', 'Glendora, CA 91741']"
ItSiKVWoYjAwywILaEG__A,Nova Brewing,91722,"['1580 W San Bernadino Rd', 'Ste H', 'Covina, CA 91722']"
Fz-iNNB57j6-N4yIvdXHtA,Float Fest: A Rose Parade Showcase,91107,"['Washington Blvd & Sierra Madre Blvd', 'Pasadena, CA 91107']"
hx3bHAhKZFC--KFffLn_8Q,Congregation Ale House - Pasadena,91105,"['300 S Raymond Ave', 'Pasadena, CA 91105']"
3ECZI0UqG-DT_qa23SqQ-w,T. Boyles Tavern,91106,"['37 N Catalina Ave', 'Pasadena, CA 91106']"
gGVjDQ3T0ylEplJFU1BiHw,San Gabriel Mission Playhouse,91776,"['320 S Mission Dr', 'San Gabriel, CA 91776']"
YMKeH-7d7Tr0EunwJR0laQ,Soccer Club for Boys - Total Futbol Academy TFA,91606,"['6810 Whitsett Ave', 'North Hollywood, CA 91606']"
sFl7FpZyCPYUhMUvxoFPFg,Turner Stadium,91042,"['10625 Plainview Ave', 'Los Angeles, CA 91042']"
tEluMEGb_iYSNhPxsJhkFw,AMC Burbank Town Center 6,91501,"['770 North 1st Street', 'Burbank, CA 91501']"
Tku1Nh3vQNc3pUOW1aC66w,AMC Burbank 16,91502,"['125 East Palm Avenue', 'Burbank, CA 91502']"
lYmWeLkQ3wSamKD8la1pgA,Regal North Hollywood,91606,"['6150 Laurel Canyon Blvd', 'Ste 200', 'North Hollywood, CA 91606']"
7BFzVBhOHAAC9ZnEGKuPcg,Starlight Bowl,91504,"['1249 Lockheed View Dr', 'Burbank, CA 91504']"
avIrHRLO4burylT_OPrzHQ,AMC Burbank Town Center 8,91501,"['201 E. Magnolia Blvd #345', 'Burbank, CA 91501']"
33rH33UJvimMl5hQ2L2A4A,The Victory Theatre Center,91505,"['3326 W Victory Blvd', 'Burbank, CA 91505']"
DTrcZwzZRH7WZuT2bE28gA,The Colony Theatre,91502,"['555 N Third St', 'Burbank, CA 91502']"
d9Qupoa645tAcb8TQ1rDxA,Memorial Field,91506,"['1920 W Clark Ave', 'Burbank, CA 91506']"
O9nGnjbMnBldgLoGqe6ZxQ,Rose Parade Route,91107,"['Sierra Madre Blvd & Colorado Blvd', 'Pasadena, CA 91107']"
hybp3zlDXTxjwZBFTCQbdg,Los Angeles Zoo & Botanical Gardens,90027,"['5333 Zoo Dr', 'Los Angeles, CA 90027']"
39O_4oAYog4GD4-VIe_DcQ,Odd Nights at the Autry,90027,"['4700 Western Heritage Way', 'Los Angeles, CA 90027']"
ESg5CYqRos18KRnNguezdg,Tavern On Brand,91203,"['208 N Brand Blvd', 'Glendale, CA 91203']"
_fv80pvtivFdXga6TZb6Eg,I Need Tickets,90039,"['Los Angeles, CA 90039']"
-kXz-ND_kQuBnOhpdlN7gA,Red Lion Tavern,90039,"['2366 Glendale Blvd', 'Los Angeles, CA 90039']"
oak4AbPlfLLmD8_qGh86Mw,Link N Hops,90039,"['3111 Glendale Blvd', 'Los Angeles, CA 90039']"
bodDHNERXIOSNx3GAonIGg,Griffith Observatory,90027,"['2800 E Observatory Rd', 'Los Angeles, CA 90027']"
On1nQsBONmWpb0C_9OR6kw,El Cid Restaurant,90029,"['4212 W Sunset Blvd', 'Los Angeles, CA 90029']"
Kxdm4l_-wwNy7pRLoAK1zw,Eat See Hear,90027,"['Los Angeles, CA 90027']"
kQ5ZhqtDTdXZQgdgeV-sfQ,Simi Valley Batting Cages,93065,"['2019 Donville Ave', 'Simi Valley, CA 93065']"
XXZQ2zVfFwSCmr2W4fm7PQ,So Cal Hitting Zone Indoor batting cages.,91311,"['8929 Oso Ave', 'Ste B', 'Los Angeles, CA 91311']"
EFueEYIKWx03isiJmdz60Q,Underwood Family Farms,93021,"['3370 Sunset Valley Rd', 'Moorpark, CA 93021']"
zdmyoT1j_7z_Xkp8EWjelw,Regal Janss Marketplace,91360,"['255 North Moorpark Rd', 'Thousand Oaks, CA 91360']"
F9dxotflJlIM8CeuWq7ZPg,Drews Tickets,91302,"['23901 Calabasas Rd', 'Ste 2009', 'Calabasas, CA 91302']"
CuM50Gxqwbo54m9bfeQtYA,AMC DINE-IN Topanga 12,91303,"['6600 N Topanga Canyon Blvd', 'Ste 3100', 'Canoga Park, CA 91303']"
FkvuCVfar1IQbXplWDPcWQ,Barry's Tickets,91302,"['23622 Calabasas Rd', 'Ste 301', 'Calabasas, CA 91302']"
-nbQqcZiTKU_haMc76Z9sg,Sagebrush Cantina,91302,"['23527 Calabasas Rd', 'Calabasas, CA 91302']"
zbZkOdHT0zm3AG0wBmtIVQ,AMC Northridge 10,91324,"['9400 Shirley Ave', 'Northridge, CA 91324']"
3i3aTU6yqeIW8g5Iw2I1pw,Regal Simi Valley Civic Center,93063,"['2751 Tapo Cyn Rd', 'Simi Valley, CA 93063']"
jsaNIZib_qqQX-LeThPoXQ,Noski Auditorium,91330,"['9400 Etiwanda Ave', 'Los Angeles, CA 91330']"
uE5ndWV4SBqDuOmK7NmrrA,Plaza del Sol Performance Hall,91330,"['18111 Nordhoff St', 'Northridge, CA 91330']"
j6ax0Nl83lqQfavQHQuFTg,AMC Porter Ranch 9,91326,"['20059 Rinaldi St', 'Porter Ranch, CA 91326']"
JWUY1WdKwJ3GhomvfoTEBw,Dave & Buster's,91324,"['9301 Tampa Ave', 'Ste 212', 'Northridge, CA 91324']"
K9ddGXJLOm3uJFDsv5fQLA,Clint Greenwood Soccer Academy,91321,"['19953 Ave Of The Oaks', 'Santa Clarita, CA 91321']"
TGzwDw6DSzWjv-CVa3gEzg,VIP Tickets,91403,"['14515 Ventura Blvd', 'Ste 210', 'Los Angeles, CA 91403']"
3gbJWy0LEjWoae-uAOEuEw,Regency Plant 16,91402,"['7876 Van Nuys Blvd', 'Van Nuys, CA 91402']"
DFW_5ayroLsKWnRWo9Fj2g,Laemmle Newhall,91321,"['22500 Lyons Ave', 'Santa Clarita, CA 91321']"
4d8mVul-CvRx9lu-SkCWQQ,Regal Edwards Valencia,91355,"['24435 Town Center Dr', 'Santa Clarita, CA 91355']"
DMcaItw0odOdmoEw87JiDg,Santa Clarita Swap Meet,91350,"['22500 Soledad Canyon Rd', 'Santa Clarita, CA 91350']"
-_3G-8np8pPrR1t1KdI9Mw,Regal Edwards Canyon Country,91351,"['18800 Soledad Canyon Rd', 'Canyon Country, CA 91351']"
sKVCatsSqvlgXWStDnGecg,Roxy Stadium 11,93012,"['5001 Verdugo Way', 'Camarillo, CA 93012']"
NbIm0vNCPXhtNwBhG7pJ6g,Regency Paseo Camarillo Theaters,93010,"['390 N Lantana St', 'Camarillo, CA 93010']"
bHpCBOYKADfcHU1GYN9qqQ,Lazertag Axtreme,93065,"['591 Country Club Dr', 'Ste A', 'Simi Valley, CA 93065']"
tD7yRWpZMbFIkidnVRWRHg,Regal Edwards Camarillo Palace,93010,"['680 Ventura Blvd', 'Camarillo, CA 93010']"
5oIdSpp0ARQxkhySrUxwOA,Pioneer Event Center,93536,"['45000 Valley Central Way', 'Lancaster, CA 93536']"
MWb04mD7GJTXIbliV9hHOg,Best of the West Softball Complex,93551,"['2723 W Rancho Vista Blvd', 'Palmdale, CA 93551']"
B3CDZxQThgK1FcmdrPaE8w,Pinz Bowling Kitchen + Bar,91604,"['12655 Ventura Blvd', 'Studio City, CA 91604']"
DTEA43PAmaL6ff0FZU3fyQ,Boneyard Bistro,91423,"['13539 Ventura Blvd', 'Sherman Oaks, CA 91423']"
SWjuKVYaCQ5nqI9z6At7Fw,ACME Comedy Noho,91601,"['5124 Lankershim', 'Los Angeles, CA 91601']"
bVQxbh8NohRbEfNFuGsjww,The Sherry Theater,91601,"['11052 Magnolia Blvd', 'North Hollywood, CA 91601']"
u3L7EK1KEAoQt5ZsFR9tJQ,Super Tall Paul,90046,"['Los Angeles, CA 90046']"
npLLdivhF38rgTf3gHjwxA,Garry Marshall Theatre,91505,"['4252 W Riverside Dr', 'Burbank, CA 91505']"
aaWC673o0zPrH1IP2EQnbQ,Halloween Horror Nights,91608,"['100 Universal City Plz', 'Los Angeles, CA 91608']"
NCUgorIOzM3OlkD1lckgiA,Jimmy Buffett's Margaritaville,91608,"['100 Universal City Plz', 'Universal City, CA 91608']"
LAfEnJOSpkRpvzUZ64FPuQ,El Portal Theatre,91601,"['5269 Lankershim Blvd', 'North Hollywood, CA 91601']"
f58PtbOkw5FPdIvpPO8hSA,Zombie Joe's Underground Theatre,91601,"['4850 Lankershim Blvd', 'N Hollywood, CA 91601']"
H9hcNKbU18t1LA620vUvnA,The Geffen,90068,"['2580 Cahuenga Blvd E', 'Los Angeles, CA 90068']"
8JdTvnOPs8QN-Wg_PM_E-A,Rancho Cucamonga Quakes ,91730,"['8408 Rochester Ave', 'Rancho Cucamonga, CA 91730']"
YjWZ7hQoZkLKO1ynDN4u3g,Toyota Arena,91764,"['4000 E Ontario Center Pkwy', 'Ontario, CA 91764']"
RF7WUYkmhWqv_zrP7MXi8A,Big League Dreams Sports Park,91709,"['16333 Fairfield Ranch Rd', 'Chino Hills, CA 91709']"
lRUXBEPORGChfIqB2D8Puw,Epicenter Sports Complex,91730,"['8408 Rochester Ave', 'Rancho Cucamonga, CA 91730']"
vJlz_P6jSs4_3FydnzMllQ,Auto Club Speedway,92335,"['9300 Cherry Ave', 'Fontana, CA 92335']"
8yHtJxT7fQSi3TN23-E4ew,G1 Indoor Batting Cages & Clay Mound,91730,"['10096 6th St', 'Rancho Cucamonga, CA 91730']"
X_RGZ4tSQV0DPnRnzt8oDA,Big League Dreams,91752,"['10550 Cantu-Galleano Ranch Rd', 'Mira Loma, CA 91752']"
jcHmibIkIg3gdv-aQO6cXw,Ontario Reign,91764,"['901 Via Piemonte', 'Ste 370', 'Ontario, CA 91764']"
IQer_GfrWiKI-QeaOM1jbQ,Auto Club Raceway,91750,"['2780 Fairplex Dr', 'Pomona, CA 91750']"
M1XnDa5xMowd87_FT-Sslg,Laemmle's Claremont 5,91711,"['450 W 2nd St', 'Claremont, CA 91711']"
uySZisZAiw5ktMeQhp-Shg,Regal Edwards Ontario Mountain Village,91762,"['1575 N Mountain Ave', 'Ontario, CA 91762']"
ySNrsF8WrWz1zdMmxPOckw,AMC DINE-IN Montclair Place 12,91763,"['2200 Montclair Plaza Ln', 'Montclair, CA 91763']"
WP6AASd6mvTBPW9YZu4B6g,The Fox Theater - Pomona,91766,"['301 S Garey Ave', 'Pomona, CA 91766']"
Jw3752HkxkzEik7rOPPw2w,Los Angeles County Fair,91768,"['1101 W Mckinley Ave', 'Pomona, CA 91768']"
q4pLjWCPoihEtKZkupBcDw,Elf On the Shelf Magical Holiday Journey,91768,"['1101 W Mckinley Ave', 'Pomona, CA 91768']"
eQJwDQprcHSrESjPunW6Bg,AMC Glendora 12,91740,"['1337 East Gladstone St.', 'Glendora, CA 91740']"
20H9_MtqHPnF0KpbZKxJrQ,Mt. San Antonio College Planetarium,91789,"['1100 N Grand Ave', 'Walnut, CA 91789']"
qE6CvaAYPJK9T2pLRafCbQ,Oak Tree Lanes Bowling and Sports Bar,91765,"['990 N Diamond Bar Blvd', 'Diamond Bar, CA 91765']"
-aQyH6kT4LEijsT63Ai70Q,Olinda Oil Museum and Trail,92823,"['4025 Santa Fe Rd', 'Brea, CA 92823']"
C9Ray5I3q0sGwVOuVl48Tw,Lost Levels,91709,"['13850 City Center Dr', 'Ste 5010', 'Chino Hills, CA 91709']"
Z9js9lF_ku1FUkiBQde0pA,Skate Express,91710,"['12356 Central Ave', 'Chino, CA 91710']"
Silx27J-47lVHpb6Hmv1vA,Harkins Theatres Chino Hills 18,91709,"['3070 Chino Ave', 'Chino Hills, CA 91709']"
rCF-csS1QweZjet_Qkh16A,High Desert Mavericks,92301,"['12000 Stadium Rd', 'Adelanto, CA 92301']"
KQqprinDNxRbgQ5E9uhlTw,San Manuel Stadium,92401,"['280 S E St', 'San Bernardino, CA 92401']"
NEbWOsdr1ppTuqHClGMtOw,Beyond Wonderland,92408,"['689 S E St', 'San Bernardino, CA 92408']"
T73kyfFUXIUiFP1eOX8_Sw,LoanMart Field,91730,"['8408 Rochester Ave', 'Rancho Cucamonga, CA 91730']"
wce-np-I8I61oCcxj976Lg,Airtime Flag Football League,96811,"['Atwood, CA 96811']"
PbtK1FKT71g8i0_Vo2eapQ,Euro Soccer Trips,92807,"['5576 E La Palma', 'Anaheim, CA 92807']"
jSA2l12ig5pOq7ssOAnX1Q,Cinemark Movies 8,91710,"['5546 Philadelphia St', 'Chino, CA 91710']"
Csg26chdqbKp1MW0FYI8xA,Anthony the Magic,92517,"['Riverside, CA 92517']"
gqvIUjil4QjTVEcMuUxfSA,Spartan Race,91708,"['16700 Euclid Ave', 'Chino, CA 91708']"
MRdlvreLbs6BJm1YTIpN2g,Kern County Raceway Park,93311,"['13500 Raceway Blvd', 'Bakersfield, CA 93311']"
Jkw08v0V_8mgvn5KfmF3aQ,"Mechanics Bank Arena, Theater & Convention Center",93301,"['1001 Truxtun Ave', 'Bakersfield, CA 93301']"
YnF-iWyNt9SQ0LcRVBYu2Q,Spectrum Amphitheater,93311,"['11200 Stockdale Hwy', 'Bakersfield, CA 93311']"
bFu0aKSVux8rezkJAEG43Q,Huntzinger Youth Sports Complex,93004,"['10541-10593 Telephone Rd', 'Ventura, CA 93004']"
jJITxdtoxuwuFb7QmtG8Cg,Memorial Stadium,93308,"['1801 Panorama Dr', 'Bakersfield, CA 93308']"
OG9NDxUn4dl5-4PAxZ3tjw,Bakersfield Speedway,93308,"['5001 N Chester Ext', 'Bakersfield, CA 93308']"
qf3OK0Yp_ctZehaaTyyTXg,Ventura Raceway,93001,"['10 W Harbor Blvd', 'Ventura, CA 93001']"
Aaw3e_LMLAkWNu7r-3TXuQ,Bakersfield Condors,93301,"['1001 Truxtun Ave', 'Bakersfield, CA 93301']"
wVd837_UOGIAWBRTBPMHKg,The BLVD,93308,"['3200 Buck Owens Blvd', 'Bakersfield, CA 93308']"
GcpWNqTeq3xoo3cGUjo3Ng,Bakersfield Blaze,93301,"['4009 Chester Ave', 'Bakersfield, CA 93301']"
uMF_duaMpPcXRzhHe8Ey1Q,Willow Springs International Raceway,93560,"['3500 75th St W', 'Rosamond, CA 93560']"
I6ie6xmEAi7LLLWALQYE6Q,Cinemark,93551,"['Antelope Valley Mall', '1475 W Ave P', 'Palmdale, CA 93551']"
LwcCSht41ECcASYTF748Wg,Albert E Houghton Stadium,92407,"['Little League Dr', 'San Bernardino, CA 92407']"
1cNAKhqQB5pgAUajckT-Lw,Miller Amphitheater,92335,"['17002 Arrow Blvd', 'Fontana, CA 92335']"
HaxOaHzK5nGUuuERMFqKnQ,Panana Events: Rancho Cucamonga Lunar Festival,91730,"['8303 Rochester Ave', 'Rancho Cucamonga, CA 91730']"
